1778505691.171341,219.29,43.04,2.813,219.29,43.04,2.813,VISION,3.43,389.75,-5.43,146.69,215.86,170.46,48.47,103.65,0.0,5.0
1778505691.2717357,219.29,43.04,2.813,219.29,43.04,2.813,VISION,3.43,389.75,-5.43,146.69,215.86,170.46,48.47,103.65,0.0,5.0
1778505691.3720908,219.29,43.03,2.809,219.29,43.03,2.809,VISION,3.43,389.75,-5.43,146.69,215.86,170.46,48.46,103.66,0.0,5.0
1778505691.4723868,219.29,43.03,2.809,219.29,43.03,2.809,VISION,3.43,389.75,-5.43,146.69,215.86,170.46,48.46,103.66,0.0,5.0
1778505691.5727663,219.29,43.03,2.809,219.29,43.03,2.809,VISION,3.43,389.75,-5.43,146.69,215.86,170.46,48.46,103.66,0.0,5.0
1778505691.6731224,219.29,43.03,2.809,219.29,43.03,2.809,VISION,3.43,389.75,-5.43,146.69,215.86,170.46,48.46,103.66,0.0,5.0
1778505691.773488,219.29,43.02,2.813,219.29,43.02,2.813,VISION,3.43,389.75,-5.43,146.69,215.86,170.46,48.45,103.67,0.0,5.0
1778505691.8738117,219.29,43.02,2.813,219.29,43.02,2.813,VISION,3.43,389.75,-5.43,146.69,215.86,170.46,48.45,103.67,0.0,5.0
1778505691.9740884,219.29,43.02,2.813,219.29,43.02,2.813,VISION,3.43,389.75,-5.43,146.69,215.86,170.46,48.45,103.67,0.0,5.0
1778505692.0744166,219.29,43.02,2.813,219.29,43.02,2.813,VISION,3.43,389.75,-5.43,146.69,215.86,170.46,48.45,103.67,0.0,5.0
1778505692.1747637,219.28,43.03,2.811,219.28,43.03,2.811,VISION,3.43,389.75,-5.43,146.69,215.85,170.47,48.46,103.66,0.0,5.0
1778505692.2750976,219.28,43.03,2.811,219.28,43.03,2.811,VISION,3.43,389.75,-5.43,146.69,215.85,170.47,48.46,103.66,0.0,5.0
1778505692.3755646,219.28,43.03,2.811,219.28,43.03,2.811,VISION,3.43,389.75,-5.43,146.69,215.85,170.47,48.46,103.66,0.0,5.0
1778505692.475971,219.28,43.03,2.811,219.28,43.03,2.811,VISION,3.43,389.75,-5.43,146.69,215.85,170.47,48.46,103.66,0.0,5.0
1778505692.5762978,219.28,43.03,2.811,219.28,43.03,2.811,VISION,3.43,389.75,-5.43,146.69,215.85,170.47,48.46,103.66,0.0,5.0
1778505692.6767874,219.28,43.03,2.811,219.28,43.03,2.811,VISION,3.43,389.75,-5.43,146.69,215.85,170.47,48.46,103.66,0.0,5.0
1778505692.7771447,219.28,43.03,2.811,219.28,43.03,2.811,VISION,3.43,389.75,-5.43,146.69,215.85,170.47,48.46,103.66,0.0,5.0
1778505692.8774595,219.29,43.03,2.814,219.29,43.03,2.814,VISION,3.43,389.75,-5.43,146.69,215.86,170.46,48.46,103.66,0.0,5.0
1778505692.9778671,219.29,43.03,2.814,219.29,43.03,2.814,VISION,3.43,389.75,-5.43,146.69,215.86,170.46,48.46,103.66,0.0,5.0
1778505693.078153,219.29,43.03,2.814,219.29,43.03,2.814,VISION,3.43,389.75,-5.43,146.69,215.86,170.46,48.46,103.66,0.0,5.0
1778505693.1786788,219.29,43.03,2.814,219.29,43.03,2.814,VISION,3.43,389.75,-5.43,146.69,215.86,170.46,48.46,103.66,0.0,5.0
1778505693.2790473,219.29,43.03,2.811,219.29,43.03,2.811,VISION,3.43,389.75,-5.43,146.69,215.86,170.46,48.46,103.66,0.0,5.0
1778505693.3793633,219.29,43.03,2.811,219.29,43.03,2.811,VISION,3.43,389.75,-5.43,146.69,215.86,170.46,48.46,103.66,0.0,5.0
1778505693.4796598,219.29,43.03,2.811,219.29,43.03,2.811,VISION,3.43,389.75,-5.43,146.69,215.86,170.46,48.46,103.66,0.0,5.0
1778505693.5801098,219.29,43.03,2.811,219.29,43.03,2.811,VISION,3.43,389.75,-5.43,146.69,215.86,170.46,48.46,103.66,0.0,5.0
1778505693.6804357,219.29,43.03,2.811,219.29,43.03,2.811,VISION,3.43,389.75,-5.43,146.69,215.86,170.46,48.46,103.66,0.0,5.0
1778505693.780834,219.29,43.03,2.811,219.29,43.03,2.811,VISION,3.43,389.75,-5.43,146.69,215.86,170.46,48.46,103.66,0.0,5.0
1778505693.881179,219.29,43.03,2.811,219.29,43.03,2.811,VISION,3.43,389.75,-5.43,146.69,215.86,170.46,48.46,103.66,0.0,5.0
1778505693.98152,219.29,43.03,2.811,219.29,43.03,2.811,VISION,3.43,389.75,-5.43,146.69,215.86,170.46,48.46,103.66,0.0,5.0
1778505694.0818574,219.28,43.02,2.813,219.28,43.02,2.813,VISION,3.43,389.75,-5.43,146.69,215.85,170.47,48.45,103.67,0.0,5.0
1778505694.1821973,219.28,43.02,2.813,219.28,43.02,2.813,VISION,3.43,389.75,-5.43,146.69,215.85,170.47,48.45,103.67,0.0,5.0
1778505694.2826161,219.28,43.02,2.813,219.28,43.02,2.813,VISION,3.43,389.75,-5.43,146.69,215.85,170.47,48.45,103.67,0.0,5.0
1778505694.3828478,219.28,43.02,2.813,219.28,43.02,2.813,VISION,3.43,389.75,-5.43,146.69,215.85,170.47,48.45,103.67,0.0,5.0
1778505694.483177,219.3,43.03,2.81,219.3,43.03,2.81,VISION,3.43,389.75,-5.43,146.69,215.87,170.45,48.46,103.66,0.0,5.0
1778505694.5834734,219.3,43.03,2.81,219.3,43.03,2.81,VISION,3.43,389.75,-5.43,146.69,215.87,170.45,48.46,103.66,0.0,5.0
1778505694.6838086,219.3,43.03,2.81,219.3,43.03,2.81,VISION,3.43,389.75,-5.43,146.69,215.87,170.45,48.46,103.66,0.0,5.0
1778505694.7841995,219.3,43.03,2.81,219.3,43.03,2.81,VISION,3.43,389.75,-5.43,146.69,215.87,170.45,48.46,103.66,0.0,5.0
1778505694.8846262,219.29,43.04,2.812,219.29,43.04,2.812,VISION,3.43,389.75,-5.43,146.69,215.86,170.46,48.47,103.65,0.0,5.0
1778505694.9849286,219.29,43.04,2.812,219.29,43.04,2.812,VISION,3.43,389.75,-5.43,146.69,215.86,170.46,48.47,103.65,0.0,5.0
1778505695.0851958,219.29,43.04,2.812,219.29,43.04,2.812,VISION,3.43,389.75,-5.43,146.69,215.86,170.46,48.47,103.65,0.0,5.0
1778505695.185539,219.29,43.04,2.812,219.29,43.04,2.812,VISION,3.43,389.75,-5.43,146.69,215.86,170.46,48.47,103.65,0.0,5.0
1778505695.2859874,219.3,43.02,2.815,219.3,43.02,2.815,VISION,3.43,389.75,-5.43,146.69,215.87,170.45,48.45,103.67,0.0,5.0
1778505695.3863766,219.3,43.02,2.815,219.3,43.02,2.815,VISION,3.43,389.75,-5.43,146.69,215.87,170.45,48.45,103.67,0.0,5.0
1778505695.4867337,219.3,43.02,2.815,219.3,43.02,2.815,VISION,3.43,389.75,-5.43,146.69,215.87,170.45,48.45,103.67,0.0,5.0
1778505695.5870988,219.29,43.03,2.812,219.29,43.03,2.812,VISION,3.43,389.75,-5.43,146.69,215.86,170.46,48.46,103.66,0.0,5.0
1778505695.6874774,219.29,43.03,2.812,219.29,43.03,2.812,VISION,3.43,389.75,-5.43,146.69,215.86,170.46,48.46,103.66,0.0,5.0
1778505695.7879028,219.29,43.03,2.812,219.29,43.03,2.812,VISION,3.43,389.75,-5.43,146.69,215.86,170.46,48.46,103.66,0.0,5.0
1778505695.8882492,219.29,43.03,2.812,219.29,43.03,2.812,VISION,3.43,389.75,-5.43,146.69,215.86,170.46,48.46,103.66,0.0,5.0
1778505695.9886408,219.28,43.04,2.809,219.28,43.04,2.809,VISION,3.43,389.75,-5.43,146.69,215.85,170.47,48.47,103.65,0.0,5.0
1778505696.0889788,219.28,43.04,2.809,219.28,43.04,2.809,VISION,3.43,389.75,-5.43,146.69,215.85,170.47,48.47,103.65,0.0,5.0
1778505696.189386,219.28,43.04,2.809,219.28,43.04,2.809,VISION,3.43,389.75,-5.43,146.69,215.85,170.47,48.47,103.65,0.0,5.0
1778505696.289743,219.28,43.04,2.809,219.28,43.04,2.809,VISION,3.43,389.75,-5.43,146.69,215.85,170.47,48.47,103.65,0.0,5.0
1778505696.3900807,219.29,43.04,2.809,219.29,43.04,2.809,VISION,3.43,389.75,-5.43,146.69,215.86,170.46,48.47,103.65,0.0,5.0
1778505696.4903963,219.29,43.04,2.809,219.29,43.04,2.809,VISION,3.43,389.75,-5.43,146.69,215.86,170.46,48.47,103.65,0.0,5.0
1778505696.5908327,219.29,43.04,2.809,219.29,43.04,2.809,VISION,3.43,389.75,-5.43,146.69,215.86,170.46,48.47,103.65,0.0,5.0
1778505696.6911597,219.29,43.04,2.809,219.29,43.04,2.809,VISION,3.43,389.75,-5.43,146.69,215.86,170.46,48.47,103.65,0.0,5.0
1778505696.7915275,219.29,43.02,2.812,219.29,43.02,2.812,VISION,3.43,389.75,-5.43,146.69,215.86,170.46,48.45,103.67,0.0,5.0
1778505696.8920536,219.29,43.02,2.812,219.29,43.02,2.812,VISION,3.43,389.75,-5.43,146.69,215.86,170.46,48.45,103.67,0.0,5.0
1778505696.9923594,219.29,43.02,2.812,219.29,43.02,2.812,VISION,3.43,389.75,-5.43,146.69,215.86,170.46,48.45,103.67,0.0,5.0
1778505697.092685,219.29,43.02,2.812,219.29,43.02,2.812,VISION,3.43,389.75,-5.43,146.69,215.86,170.46,48.45,103.67,0.0,5.0
1778505697.193012,219.28,43.02,2.812,219.28,43.02,2.812,VISION,3.43,389.75,-5.43,146.69,215.85,170.47,48.45,103.67,0.0,5.0
1778505697.2933753,219.28,43.02,2.812,219.28,43.02,2.812,VISION,3.43,389.75,-5.43,146.69,215.85,170.47,48.45,103.67,0.0,5.0
1778505697.3937871,219.28,43.02,2.812,219.28,43.02,2.812,VISION,3.43,389.75,-5.43,146.69,215.85,170.47,48.45,103.67,0.0,5.0
1778505697.494177,219.28,43.02,2.812,219.28,43.02,2.812,VISION,3.43,389.75,-5.43,146.69,215.85,170.47,48.45,103.67,0.0,5.0
1778505697.5944643,219.28,43.02,2.813,219.28,43.02,2.813,VISION,3.43,389.75,-5.43,146.69,215.85,170.47,48.45,103.67,0.0,5.0
1778505697.6949124,219.28,43.02,2.813,219.28,43.02,2.813,VISION,3.43,389.75,-5.43,146.69,215.85,170.47,48.45,103.67,0.0,5.0
1778505697.7952688,219.28,43.02,2.813,219.28,43.02,2.813,VISION,3.43,389.75,-5.43,146.69,215.85,170.47,48.45,103.67,0.0,5.0
1778505697.8958561,219.28,43.02,2.813,219.28,43.02,2.813,VISION,3.43,389.75,-5.43,146.69,215.85,170.47,48.45,103.67,0.0,5.0
1778505697.9961998,219.29,43.02,2.812,219.29,43.02,2.812,VISION,3.43,389.75,-5.43,146.69,215.86,170.46,48.45,103.67,0.0,5.0
1778505698.0966322,219.29,43.02,2.812,219.29,43.02,2.812,VISION,3.43,389.75,-5.43,146.69,215.86,170.46,48.45,103.67,0.0,5.0
1778505698.1969743,219.29,43.02,2.812,219.29,43.02,2.812,VISION,3.43,389.75,-5.43,146.69,215.86,170.46,48.45,103.67,0.0,5.0
1778505698.2973683,219.29,43.02,2.812,219.29,43.02,2.812,VISION,3.43,389.75,-5.43,146.69,215.86,170.46,48.45,103.67,0.0,5.0
1778505698.397905,219.28,43.02,2.811,219.28,43.02,2.811,VISION,3.43,389.75,-5.43,146.69,215.85,170.47,48.45,103.67,0.0,5.0
1778505698.4983032,219.28,43.02,2.811,219.28,43.02,2.811,VISION,3.43,389.75,-5.43,146.69,215.85,170.47,48.45,103.67,0.0,5.0
1778505698.5987427,219.28,43.02,2.811,219.28,43.02,2.811,VISION,3.43,389.75,-5.43,146.69,215.85,170.47,48.45,103.67,0.0,5.0
1778505698.6990855,219.28,43.02,2.811,219.28,43.02,2.811,VISION,3.43,389.75,-5.43,146.69,215.85,170.47,48.45,103.67,0.0,5.0
1778505698.7995064,219.29,43.03,2.811,219.29,43.03,2.811,VISION,3.43,389.75,-5.43,146.69,215.86,170.46,48.46,103.66,0.0,5.0
1778505698.8998597,219.29,43.03,2.811,219.29,43.03,2.811,VISION,3.43,389.75,-5.43,146.69,215.86,170.46,48.46,103.66,0.0,5.0
1778505699.0001912,219.29,43.03,2.811,219.29,43.03,2.811,VISION,3.43,389.75,-5.43,146.69,215.86,170.46,48.46,103.66,0.0,5.0
1778505699.1006386,219.28,43.03,2.812,219.28,43.03,2.812,VISION,3.43,389.75,-5.43,146.69,215.85,170.47,48.46,103.66,0.0,5.0
1778505699.2009647,219.28,43.03,2.812,219.28,43.03,2.812,VISION,3.43,389.75,-5.43,146.69,215.85,170.47,48.46,103.66,0.0,5.0
1778505699.3013382,219.28,43.03,2.812,219.28,43.03,2.812,VISION,3.43,389.75,-5.43,146.69,215.85,170.47,48.46,103.66,0.0,5.0
1778505699.4016836,219.28,43.03,2.812,219.28,43.03,2.812,VISION,3.43,389.75,-5.43,146.69,215.85,170.47,48.46,103.66,0.0,5.0
1778505699.5020442,219.29,43.03,2.811,219.29,43.03,2.811,VISION,3.43,389.75,-5.43,146.69,215.86,170.46,48.46,103.66,0.0,5.0
1778505699.6024086,219.29,43.03,2.811,219.29,43.03,2.811,VISION,3.43,389.75,-5.43,146.69,215.86,170.46,48.46,103.66,0.0,5.0
1778505699.7029574,219.29,43.03,2.811,219.29,43.03,2.811,VISION,3.43,389.75,-5.43,146.69,215.86,170.46,48.46,103.66,0.0,5.0
1778505699.8033404,219.29,43.03,2.811,219.29,43.03,2.811,VISION,3.43,389.75,-5.43,146.69,215.86,170.46,48.46,103.66,0.0,5.0
1778505699.9037452,219.28,43.02,2.812,219.28,43.02,2.812,VISION,3.43,389.75,-5.43,146.69,215.85,170.47,48.45,103.67,0.0,5.0
1778505700.004034,219.28,43.02,2.812,219.28,43.02,2.812,VISION,3.43,389.75,-5.43,146.69,215.85,170.47,48.45,103.67,0.0,5.0
1778505700.104302,219.28,43.02,2.812,219.28,43.02,2.812,VISION,3.43,389.75,-5.43,146.69,215.85,170.47,48.45,103.67,0.0,5.0
1778505700.204782,219.28,43.02,2.812,219.28,43.02,2.812,VISION,3.43,389.75,-5.43,146.69,215.85,170.47,48.45,103.67,0.0,5.0
1778505700.3051512,219.28,43.03,2.812,219.28,43.03,2.812,VISION,3.43,389.75,-5.43,146.69,215.85,170.47,48.46,103.66,0.0,5.0
1778505700.405545,219.28,43.03,2.812,219.28,43.03,2.812,VISION,3.43,389.75,-5.43,146.69,215.85,170.47,48.46,103.66,0.0,5.0
1778505700.5059319,219.28,43.03,2.812,219.28,43.03,2.812,VISION,3.43,389.75,-5.43,146.69,215.85,170.47,48.46,103.66,0.0,5.0
1778505700.6063955,219.28,43.03,2.812,219.28,43.03,2.812,VISION,3.43,389.75,-5.43,146.69,215.85,170.47,48.46,103.66,0.0,5.0
1778505700.7067988,219.29,43.03,2.812,219.29,43.03,2.812,VISION,3.43,389.75,-5.43,146.69,215.86,170.46,48.46,103.66,0.0,5.0
1778505700.807202,219.29,43.03,2.812,219.29,43.03,2.812,VISION,3.43,389.75,-5.43,146.69,215.86,170.46,48.46,103.66,0.0,5.0
1778505700.9075825,219.29,43.03,2.812,219.29,43.03,2.812,VISION,3.43,389.75,-5.43,146.69,215.86,170.46,48.46,103.66,0.0,5.0
1778505701.0079272,219.29,43.03,2.812,219.29,43.03,2.812,VISION,3.43,389.75,-5.43,146.69,215.86,170.46,48.46,103.66,0.0,5.0
1778505701.1082847,219.3,43.03,2.81,219.3,43.03,2.81,VISION,3.43,389.75,-5.43,146.69,215.87,170.45,48.46,103.66,0.0,5.0
1778505701.2085853,219.3,43.03,2.81,219.3,43.03,2.81,VISION,3.43,389.75,-5.43,146.69,215.87,170.45,48.46,103.66,0.0,5.0
1778505701.3089383,219.3,43.03,2.81,219.3,43.03,2.81,VISION,3.43,389.75,-5.43,146.69,215.87,170.45,48.46,103.66,0.0,5.0
1778505701.4093323,219.3,43.03,2.81,219.3,43.03,2.81,VISION,3.43,389.75,-5.43,146.69,215.87,170.45,48.46,103.66,0.0,5.0
1778505701.5096557,219.29,43.03,2.811,219.29,43.03,2.811,VISION,3.43,389.75,-5.43,146.69,215.86,170.46,48.46,103.66,0.0,5.0
1778505701.6100035,219.29,43.03,2.811,219.29,43.03,2.811,VISION,3.43,389.75,-5.43,146.69,215.86,170.46,48.46,103.66,0.0,5.0
1778505701.710275,219.29,43.03,2.811,219.29,43.03,2.811,VISION,3.43,389.75,-5.43,146.69,215.86,170.46,48.46,103.66,0.0,5.0
1778505701.8106163,219.29,43.03,2.811,219.29,43.03,2.811,VISION,3.43,389.75,-5.43,146.69,215.86,170.46,48.46,103.66,0.0,5.0
1778505701.9109879,219.29,43.03,2.81,219.29,43.03,2.81,VISION,3.43,389.75,-5.43,146.69,215.86,170.46,48.46,103.66,0.0,5.0
1778505702.011339,219.29,43.03,2.81,219.29,43.03,2.81,VISION,3.43,389.75,-5.43,146.69,215.86,170.46,48.46,103.66,0.0,5.0
1778505702.111772,219.29,43.03,2.81,219.29,43.03,2.81,VISION,3.43,389.75,-5.43,146.69,215.86,170.46,48.46,103.66,0.0,5.0
1778505702.212174,219.29,43.03,2.81,219.29,43.03,2.81,VISION,3.43,389.75,-5.43,146.69,215.86,170.46,48.46,103.66,0.0,5.0
1778505702.312566,219.29,43.03,2.812,219.29,43.03,2.812,VISION,3.43,389.75,-5.43,146.69,215.86,170.46,48.46,103.66,0.0,5.0
1778505702.4129264,219.29,43.03,2.812,219.29,43.03,2.812,VISION,3.43,389.75,-5.43,146.69,215.86,170.46,48.46,103.66,0.0,5.0
1778505702.513305,219.29,43.03,2.812,219.29,43.03,2.812,VISION,3.43,389.75,-5.43,146.69,215.86,170.46,48.46,103.66,0.0,5.0
1778505702.6136065,219.28,43.03,2.812,219.28,43.03,2.812,VISION,3.43,389.75,-5.43,146.69,215.85,170.47,48.46,103.66,0.0,5.0
1778505702.713899,219.28,43.03,2.812,219.28,43.03,2.812,VISION,3.43,389.75,-5.43,146.69,215.85,170.47,48.46,103.66,0.0,5.0
1778505702.8143237,219.28,43.03,2.812,219.28,43.03,2.812,VISION,3.43,389.75,-5.43,146.69,215.85,170.47,48.46,103.66,0.0,5.0
1778505702.9146824,219.28,43.03,2.812,219.28,43.03,2.812,VISION,3.43,389.75,-5.43,146.69,215.85,170.47,48.46,103.66,0.0,5.0
1778505703.0149932,219.28,43.03,2.812,219.28,43.03,2.812,VISION,3.43,389.75,-5.43,146.69,215.85,170.47,48.46,103.66,0.0,5.0
1778505703.1153667,219.28,43.03,2.812,219.28,43.03,2.812,VISION,3.43,389.75,-5.43,146.69,215.85,170.47,48.46,103.66,0.0,5.0
1778505703.215663,219.28,43.03,2.812,219.28,43.03,2.812,VISION,3.43,389.75,-5.43,146.69,215.85,170.47,48.46,103.66,0.0,5.0
1778505703.3159072,219.28,43.03,2.812,219.28,43.03,2.812,VISION,3.43,389.75,-5.43,146.69,215.85,170.47,48.46,103.66,0.0,5.0
1778505703.4161935,219.29,43.02,2.814,219.29,43.02,2.814,VISION,3.43,389.75,-5.43,146.69,215.86,170.46,48.45,103.67,0.0,5.0
1778505703.516494,219.29,43.02,2.814,219.29,43.02,2.814,VISION,3.43,389.75,-5.43,146.69,215.86,170.46,48.45,103.67,0.0,5.0
1778505703.6168737,219.29,43.02,2.814,219.29,43.02,2.814,VISION,3.43,389.75,-5.43,146.69,215.86,170.46,48.45,103.67,0.0,5.0
1778505703.7171414,219.29,43.02,2.814,219.29,43.02,2.814,VISION,3.43,389.75,-5.43,146.69,215.86,170.46,48.45,103.67,0.0,5.0
1778505703.8175178,219.3,43.03,2.81,219.3,43.03,2.81,VISION,3.43,389.75,-5.43,146.69,215.87,170.45,48.46,103.66,0.0,5.0
1778505703.917968,219.3,43.03,2.81,219.3,43.03,2.81,VISION,3.43,389.75,-5.43,146.69,215.87,170.45,48.46,103.66,0.0,5.0
1778505704.018316,219.3,43.03,2.81,219.3,43.03,2.81,VISION,3.43,389.75,-5.43,146.69,215.87,170.45,48.46,103.66,0.0,5.0
1778505704.118645,219.3,43.03,2.81,219.3,43.03,2.81,VISION,3.43,389.75,-5.43,146.69,215.87,170.45,48.46,103.66,0.0,5.0
1778505704.218989,219.29,43.03,2.812,219.29,43.03,2.812,VISION,3.43,389.75,-5.43,146.69,215.86,170.46,48.46,103.66,0.0,5.0
1778505704.3194294,219.29,43.03,2.812,219.29,43.03,2.812,VISION,3.43,389.75,-5.43,146.69,215.86,170.46,48.46,103.66,0.0,5.0
1778505704.419841,219.29,43.03,2.812,219.29,43.03,2.812,VISION,3.43,389.75,-5.43,146.69,215.86,170.46,48.46,103.66,0.0,5.0
1778505704.5201259,219.29,43.03,2.812,219.29,43.03,2.812,VISION,3.43,389.75,-5.43,146.69,215.86,170.46,48.46,103.66,0.0,5.0
1778505704.6204188,219.28,43.02,2.812,219.28,43.02,2.812,VISION,3.43,389.75,-5.43,146.69,215.85,170.47,48.45,103.67,0.0,5.0
1778505704.720778,219.28,43.02,2.812,219.28,43.02,2.812,VISION,3.43,389.75,-5.43,146.69,215.85,170.47,48.45,103.67,0.0,5.0
1778505704.821158,219.28,43.02,2.812,219.28,43.02,2.812,VISION,3.43,389.75,-5.43,146.69,215.85,170.47,48.45,103.67,0.0,5.0
1778505704.9215245,219.28,43.02,2.812,219.28,43.02,2.812,VISION,3.43,389.75,-5.43,146.69,215.85,170.47,48.45,103.67,0.0,5.0
1778505705.0219405,219.29,43.03,2.811,219.29,43.03,2.811,VISION,3.43,389.75,-5.43,146.69,215.86,170.46,48.46,103.66,0.0,5.0
1778505705.1223736,219.29,43.03,2.811,219.29,43.03,2.811,VISION,3.43,389.75,-5.43,146.69,215.86,170.46,48.46,103.66,0.0,5.0
1778505705.2229383,219.29,43.03,2.811,219.29,43.03,2.811,VISION,3.43,389.75,-5.43,146.69,215.86,170.46,48.46,103.66,0.0,5.0
1778505705.3233395,219.29,43.03,2.811,219.29,43.03,2.811,VISION,3.43,389.75,-5.43,146.69,215.86,170.46,48.46,103.66,0.0,5.0
1778505705.4238334,219.27,43.03,2.813,219.27,43.03,2.813,VISION,3.43,389.75,-5.43,146.69,215.84,170.48,48.46,103.66,0.0,5.0
1778505705.52422,219.27,43.03,2.813,219.27,43.03,2.813,VISION,3.43,389.75,-5.43,146.69,215.84,170.48,48.46,103.66,0.0,5.0
1778505705.6246266,219.27,43.03,2.813,219.27,43.03,2.813,VISION,3.43,389.75,-5.43,146.69,215.84,170.48,48.46,103.66,0.0,5.0
1778505705.7252505,219.27,43.03,2.813,219.27,43.03,2.813,VISION,3.43,389.75,-5.43,146.69,215.84,170.48,48.46,103.66,0.0,5.0
1778505705.8259485,219.29,43.03,2.81,219.29,43.03,2.81,VISION,3.43,389.75,-5.43,146.69,215.86,170.46,48.46,103.66,0.0,5.0
1778505705.9265845,219.29,43.03,2.81,219.29,43.03,2.81,VISION,3.43,389.75,-5.43,146.69,215.86,170.46,48.46,103.66,0.0,5.0
1778505706.0272777,219.29,43.03,2.81,219.29,43.03,2.81,VISION,3.43,389.75,-5.43,146.69,215.86,170.46,48.46,103.66,0.0,5.0
1778505706.1277578,219.28,43.04,2.81,219.28,43.04,2.81,VISION,3.43,389.75,-5.43,146.69,215.85,170.47,48.47,103.65,0.0,5.0
1778505706.2283745,219.28,43.04,2.81,219.28,43.04,2.81,VISION,3.43,389.75,-5.43,146.69,215.85,170.47,48.47,103.65,0.0,5.0
1778505706.3291154,219.28,43.04,2.81,219.28,43.04,2.81,VISION,3.43,389.75,-5.43,146.69,215.85,170.47,48.47,103.65,0.0,5.0
1778505706.4297988,219.28,43.04,2.81,219.28,43.04,2.81,VISION,3.43,389.75,-5.43,146.69,215.85,170.47,48.47,103.65,0.0,5.0
1778505706.5304124,219.3,43.03,2.81,219.3,43.03,2.81,VISION,3.43,389.75,-5.43,146.69,215.87,170.45,48.46,103.66,0.0,5.0
1778505706.6310673,219.3,43.03,2.81,219.3,43.03,2.81,VISION,3.43,389.75,-5.43,146.69,215.87,170.45,48.46,103.66,0.0,5.0
1778505706.7316015,219.3,43.03,2.81,219.3,43.03,2.81,VISION,3.43,389.75,-5.43,146.69,215.87,170.45,48.46,103.66,0.0,5.0
1778505706.8323033,219.3,43.03,2.81,219.3,43.03,2.81,VISION,3.43,389.75,-5.43,146.69,215.87,170.45,48.46,103.66,0.0,5.0
1778505706.9329572,219.3,43.02,2.815,219.3,43.02,2.815,VISION,3.43,389.75,-5.43,146.69,215.87,170.45,48.45,103.67,0.0,5.0
1778505707.033582,219.3,43.02,2.815,219.3,43.02,2.815,VISION,3.43,389.75,-5.43,146.69,215.87,170.45,48.45,103.67,0.0,5.0
1778505707.1342864,219.3,43.02,2.815,219.3,43.02,2.815,VISION,3.43,389.75,-5.43,146.69,215.87,170.45,48.45,103.67,0.0,5.0
1778505707.2348325,219.3,43.02,2.815,219.3,43.02,2.815,VISION,3.43,389.75,-5.43,146.69,215.87,170.45,48.45,103.67,0.0,5.0
1778505707.3353179,219.29,43.03,2.812,219.29,43.03,2.812,VISION,3.43,389.75,-5.43,146.69,215.86,170.46,48.46,103.66,0.0,5.0
1778505707.435945,219.29,43.03,2.812,219.29,43.03,2.812,VISION,3.43,389.75,-5.43,146.69,215.86,170.46,48.46,103.66,0.0,5.0
1778505707.5363958,219.29,43.03,2.812,219.29,43.03,2.812,VISION,3.43,389.75,-5.43,146.69,215.86,170.46,48.46,103.66,0.0,5.0
1778505707.637028,219.29,43.03,2.812,219.29,43.03,2.812,VISION,3.43,389.75,-5.43,146.69,215.86,170.46,48.46,103.66,0.0,5.0
1778505707.7373612,219.28,43.05,2.809,219.28,43.05,2.809,VISION,3.43,389.75,-5.43,146.69,215.85,170.47,48.48,103.64,0.0,5.0
1778505707.8379388,219.28,43.05,2.809,219.28,43.05,2.809,VISION,3.43,389.75,-5.43,146.69,215.85,170.47,48.48,103.64,0.0,5.0
1778505707.9384575,219.28,43.05,2.809,219.28,43.05,2.809,VISION,3.43,389.75,-5.43,146.69,215.85,170.47,48.48,103.64,0.0,5.0
1778505708.0389085,219.28,43.05,2.809,219.28,43.05,2.809,VISION,3.43,389.75,-5.43,146.69,215.85,170.47,48.48,103.64,0.0,5.0
1778505708.1392825,219.28,43.04,2.812,219.28,43.04,2.812,VISION,3.43,389.75,-5.43,146.69,215.85,170.47,48.47,103.65,0.0,5.0
1778505708.2397754,219.28,43.04,2.812,219.28,43.04,2.812,VISION,3.43,389.75,-5.43,146.69,215.85,170.47,48.47,103.65,0.0,5.0
1778505708.340254,219.28,43.04,2.812,219.28,43.04,2.812,VISION,3.43,389.75,-5.43,146.69,215.85,170.47,48.47,103.65,0.0,5.0
1778505708.4407952,219.28,43.04,2.812,219.28,43.04,2.812,VISION,3.43,389.75,-5.43,146.69,215.85,170.47,48.47,103.65,0.0,5.0
1778505708.5411763,219.29,43.03,2.812,219.29,43.03,2.812,VISION,3.43,389.75,-5.43,146.69,215.86,170.46,48.46,103.66,0.0,5.0
1778505708.6415842,219.29,43.03,2.812,219.29,43.03,2.812,VISION,3.43,389.75,-5.43,146.69,215.86,170.46,48.46,103.66,0.0,5.0
1778505708.742076,219.29,43.03,2.812,219.29,43.03,2.812,VISION,3.43,389.75,-5.43,146.69,215.86,170.46,48.46,103.66,0.0,5.0
1778505708.8426208,219.29,43.03,2.812,219.29,43.03,2.812,VISION,3.43,389.75,-5.43,146.69,215.86,170.46,48.46,103.66,0.0,5.0
1778505708.9431794,219.29,43.03,2.81,219.29,43.03,2.81,VISION,3.43,389.75,-5.43,146.69,215.86,170.46,48.46,103.66,0.0,5.0
1778505709.043681,219.29,43.03,2.81,219.29,43.03,2.81,VISION,3.43,389.75,-5.43,146.69,215.86,170.46,48.46,103.66,0.0,5.0
1778505709.144061,219.29,43.03,2.81,219.29,43.03,2.81,VISION,3.43,389.75,-5.43,146.69,215.86,170.46,48.46,103.66,0.0,5.0
1778505709.2445822,219.29,43.03,2.81,219.29,43.03,2.81,VISION,3.43,389.75,-5.43,146.69,215.86,170.46,48.46,103.66,0.0,5.0
1778505709.3450894,219.29,43.03,2.812,219.29,43.03,2.812,VISION,3.43,389.75,-5.43,146.69,215.86,170.46,48.46,103.66,0.0,5.0
1778505709.4456263,219.29,43.03,2.812,219.29,43.03,2.812,VISION,3.43,389.75,-5.43,146.69,215.86,170.46,48.46,103.66,0.0,5.0
1778505709.5460544,219.29,43.03,2.812,219.29,43.03,2.812,VISION,3.43,389.75,-5.43,146.69,215.86,170.46,48.46,103.66,0.0,5.0
1778505709.6463535,219.28,43.03,2.811,219.28,43.03,2.811,VISION,3.43,389.75,-5.43,146.69,215.85,170.47,48.46,103.66,0.0,5.0
1778505709.7467926,219.28,43.03,2.811,219.28,43.03,2.811,VISION,3.43,389.75,-5.43,146.69,215.85,170.47,48.46,103.66,0.0,5.0
1778505709.8471725,219.28,43.03,2.811,219.28,43.03,2.811,VISION,3.43,389.75,-5.43,146.69,215.85,170.47,48.46,103.66,0.0,5.0
1778505709.9477212,219.28,43.03,2.811,219.28,43.03,2.811,VISION,3.43,389.75,-5.43,146.69,215.85,170.47,48.46,103.66,0.0,5.0
1778505710.0490322,219.29,43.04,2.809,219.29,43.04,2.809,VISION,3.43,389.75,-5.43,146.69,215.86,170.46,48.47,103.65,0.0,5.0
1778505710.1495686,219.29,43.04,2.809,219.29,43.04,2.809,VISION,3.43,389.75,-5.43,146.69,215.86,170.46,48.47,103.65,0.0,5.0
1778505710.2501044,219.29,43.04,2.809,219.29,43.04,2.809,VISION,3.43,389.75,-5.43,146.69,215.86,170.46,48.47,103.65,0.0,5.0
1778505710.3505611,219.29,43.04,2.809,219.29,43.04,2.809,VISION,3.43,389.75,-5.43,146.69,215.86,170.46,48.47,103.65,0.0,5.0
1778505710.4509783,219.29,43.03,2.81,219.29,43.03,2.81,VISION,3.43,389.75,-5.43,146.69,215.86,170.46,48.46,103.66,0.0,5.0
1778505710.5513506,219.29,43.03,2.81,219.29,43.03,2.81,VISION,3.43,389.75,-5.43,146.69,215.86,170.46,48.46,103.66,0.0,5.0
1778505710.652117,219.29,43.03,2.81,219.29,43.03,2.81,VISION,3.43,389.75,-5.43,146.69,215.86,170.46,48.46,103.66,0.0,5.0
1778505710.7525961,219.29,43.03,2.81,219.29,43.03,2.81,VISION,3.43,389.75,-5.43,146.69,215.86,170.46,48.46,103.66,0.0,5.0
1778505710.8530643,219.29,43.03,2.812,219.29,43.03,2.812,VISION,3.43,389.75,-5.43,146.69,215.86,170.46,48.46,103.66,0.0,5.0
1778505710.9536386,219.29,43.03,2.812,219.29,43.03,2.812,VISION,3.43,389.75,-5.43,146.69,215.86,170.46,48.46,103.66,0.0,5.0
1778505711.0541532,219.29,43.03,2.812,219.29,43.03,2.812,VISION,3.43,389.75,-5.43,146.69,215.86,170.46,48.46,103.66,0.0,5.0
1778505711.1546435,219.29,43.03,2.812,219.29,43.03,2.812,VISION,3.43,389.75,-5.43,146.69,215.86,170.46,48.46,103.66,0.0,5.0
1778505711.2551749,219.3,43.02,2.811,219.3,43.02,2.811,VISION,3.43,389.75,-5.43,146.69,215.87,170.45,48.45,103.67,0.0,5.0
1778505711.355661,219.3,43.02,2.811,219.3,43.02,2.811,VISION,3.43,389.75,-5.43,146.69,215.87,170.45,48.45,103.67,0.0,5.0
1778505711.4563682,219.3,43.02,2.811,219.3,43.02,2.811,VISION,3.43,389.75,-5.43,146.69,215.87,170.45,48.45,103.67,0.0,5.0
1778505711.5568357,219.3,43.02,2.811,219.3,43.02,2.811,VISION,3.43,389.75,-5.43,146.69,215.87,170.45,48.45,103.67,0.0,5.0
1778505711.657292,219.28,43.04,2.809,219.28,43.04,2.809,VISION,3.43,389.75,-5.43,146.69,215.85,170.47,48.47,103.65,0.0,5.0
1778505711.7577178,219.28,43.04,2.809,219.28,43.04,2.809,VISION,3.43,389.75,-5.43,146.69,215.85,170.47,48.47,103.65,0.0,5.0
1778505711.858158,219.28,43.04,2.809,219.28,43.04,2.809,VISION,3.43,389.75,-5.43,146.69,215.85,170.47,48.47,103.65,0.0,5.0
1778505711.9586709,219.28,43.04,2.809,219.28,43.04,2.809,VISION,3.43,389.75,-5.43,146.69,215.85,170.47,48.47,103.65,0.0,5.0
1778505712.0592074,219.28,43.03,2.812,219.28,43.03,2.812,VISION,3.43,389.75,-5.43,146.69,215.85,170.47,48.46,103.66,0.0,5.0
1778505712.1595984,219.28,43.03,2.812,219.28,43.03,2.812,VISION,3.43,389.75,-5.43,146.69,215.85,170.47,48.46,103.66,0.0,5.0
1778505712.2600899,219.28,43.03,2.812,219.28,43.03,2.812,VISION,3.43,389.75,-5.43,146.69,215.85,170.47,48.46,103.66,0.0,5.0
1778505712.3605118,219.28,43.03,2.812,219.28,43.03,2.812,VISION,3.43,389.75,-5.43,146.69,215.85,170.47,48.46,103.66,0.0,5.0
1778505712.4610832,219.3,43.02,2.818,219.3,43.02,2.818,VISION,3.43,389.75,-5.43,146.69,215.87,170.45,48.45,103.67,0.0,5.0
1778505712.5614421,219.3,43.02,2.818,219.3,43.02,2.818,VISION,3.43,389.75,-5.43,146.69,215.87,170.45,48.45,103.67,0.0,5.0
1778505712.6618814,219.3,43.02,2.818,219.3,43.02,2.818,VISION,3.43,389.75,-5.43,146.69,215.87,170.45,48.45,103.67,0.0,5.0
1778505712.7622836,219.29,43.03,2.811,219.29,43.03,2.811,VISION,3.43,389.75,-5.43,146.69,215.86,170.46,48.46,103.66,0.0,5.0
1778505712.86289,219.29,43.03,2.811,219.29,43.03,2.811,VISION,3.43,389.75,-5.43,146.69,215.86,170.46,48.46,103.66,0.0,5.0
1778505712.9633427,219.29,43.03,2.811,219.29,43.03,2.811,VISION,3.43,389.75,-5.43,146.69,215.86,170.46,48.46,103.66,0.0,5.0
1778505713.0637627,219.29,43.03,2.811,219.29,43.03,2.811,VISION,3.43,389.75,-5.43,146.69,215.86,170.46,48.46,103.66,0.0,5.0
1778505713.1641214,219.28,43.03,2.812,219.28,43.03,2.812,VISION,3.43,389.75,-5.43,146.69,215.85,170.47,48.46,103.66,0.0,5.0
1778505713.264474,219.28,43.03,2.812,219.28,43.03,2.812,VISION,3.43,389.75,-5.43,146.69,215.85,170.47,48.46,103.66,0.0,5.0
1778505713.3649096,219.28,43.03,2.812,219.28,43.03,2.812,VISION,3.43,389.75,-5.43,146.69,215.85,170.47,48.46,103.66,0.0,5.0
1778505713.4655094,219.28,43.03,2.812,219.28,43.03,2.812,VISION,3.43,389.75,-5.43,146.69,215.85,170.47,48.46,103.66,0.0,5.0
1778505713.5659232,219.29,43.03,2.812,219.29,43.03,2.812,VISION,3.43,389.75,-5.43,146.69,215.86,170.46,48.46,103.66,0.0,5.0
1778505713.6662893,219.29,43.03,2.812,219.29,43.03,2.812,VISION,3.43,389.75,-5.43,146.69,215.86,170.46,48.46,103.66,0.0,5.0
1778505713.7666318,219.29,43.03,2.812,219.29,43.03,2.812,VISION,3.43,389.75,-5.43,146.69,215.86,170.46,48.46,103.66,0.0,5.0
1778505713.8671553,219.29,43.03,2.812,219.29,43.03,2.812,VISION,3.43,389.75,-5.43,146.69,215.86,170.46,48.46,103.66,0.0,5.0
1778505713.9675756,219.29,43.04,2.81,219.29,43.04,2.81,VISION,3.43,389.75,-5.43,146.69,215.86,170.46,48.47,103.65,0.0,5.0
1778505714.0680003,219.29,43.04,2.81,219.29,43.04,2.81,VISION,3.43,389.75,-5.43,146.69,215.86,170.46,48.47,103.65,0.0,5.0
1778505714.1686137,219.29,43.04,2.81,219.29,43.04,2.81,VISION,3.43,389.75,-5.43,146.69,215.86,170.46,48.47,103.65,0.0,5.0
1778505714.2690918,219.29,43.04,2.81,219.29,43.04,2.81,VISION,3.43,389.75,-5.43,146.69,215.86,170.46,48.47,103.65,0.0,5.0
1778505714.3695014,219.29,43.04,2.81,219.29,43.04,2.81,VISION,3.43,389.75,-5.43,146.69,215.86,170.46,48.47,103.65,0.0,5.0
1778505714.4699883,219.29,43.04,2.81,219.29,43.04,2.81,VISION,3.43,389.75,-5.43,146.69,215.86,170.46,48.47,103.65,0.0,5.0
1778505714.5705352,219.29,43.04,2.81,219.29,43.04,2.81,VISION,3.43,389.75,-5.43,146.69,215.86,170.46,48.47,103.65,0.0,5.0
1778505714.6711142,219.29,43.04,2.81,219.29,43.04,2.81,VISION,3.43,389.75,-5.43,146.69,215.86,170.46,48.47,103.65,0.0,5.0
1778505714.7715142,219.28,43.02,2.812,219.28,43.02,2.812,VISION,3.43,389.75,-5.43,146.69,215.85,170.47,48.45,103.67,0.0,5.0
1778505714.8721318,219.28,43.02,2.812,219.28,43.02,2.812,VISION,3.43,389.75,-5.43,146.69,215.85,170.47,48.45,103.67,0.0,5.0
1778505714.9727192,219.28,43.02,2.812,219.28,43.02,2.812,VISION,3.43,389.75,-5.43,146.69,215.85,170.47,48.45,103.67,0.0,5.0
1778505715.0732439,219.28,43.02,2.812,219.28,43.02,2.812,VISION,3.43,389.75,-5.43,146.69,215.85,170.47,48.45,103.67,0.0,5.0
1778505715.1738558,219.3,43.02,2.814,219.3,43.02,2.814,VISION,3.43,389.75,-5.43,146.69,215.87,170.45,48.45,103.67,0.0,5.0
1778505715.2743955,219.3,43.02,2.814,219.3,43.02,2.814,VISION,3.43,389.75,-5.43,146.69,215.87,170.45,48.45,103.67,0.0,5.0
1778505715.374972,219.3,43.02,2.814,219.3,43.02,2.814,VISION,3.43,389.75,-5.43,146.69,215.87,170.45,48.45,103.67,0.0,5.0
1778505715.4754765,219.3,43.02,2.814,219.3,43.02,2.814,VISION,3.43,389.75,-5.43,146.69,215.87,170.45,48.45,103.67,0.0,5.0
1778505715.5760698,219.29,43.04,2.81,219.29,43.04,2.81,VISION,3.43,389.75,-5.43,146.69,215.86,170.46,48.47,103.65,0.0,5.0
1778505715.6765504,219.29,43.04,2.81,219.29,43.04,2.81,VISION,3.43,389.75,-5.43,146.69,215.86,170.46,48.47,103.65,0.0,5.0
1778505715.776905,219.29,43.04,2.81,219.29,43.04,2.81,VISION,3.43,389.75,-5.43,146.69,215.86,170.46,48.47,103.65,0.0,5.0
1778505715.8772116,219.28,43.04,2.812,219.28,43.04,2.812,VISION,3.43,389.75,-5.43,146.69,215.85,170.47,48.47,103.65,0.0,5.0
1778505715.977723,219.28,43.04,2.812,219.28,43.04,2.812,VISION,3.43,389.75,-5.43,146.69,215.85,170.47,48.47,103.65,0.0,5.0
1778505716.0780518,219.28,43.04,2.812,219.28,43.04,2.812,VISION,3.43,389.75,-5.43,146.69,215.85,170.47,48.47,103.65,0.0,5.0
1778505716.1783838,219.28,43.04,2.812,219.28,43.04,2.812,VISION,3.43,389.75,-5.43,146.69,215.85,170.47,48.47,103.65,0.0,5.0
1778505716.2787714,219.29,43.03,2.81,219.29,43.03,2.81,VISION,3.43,389.75,-5.43,146.69,215.86,170.46,48.46,103.66,0.0,5.0
1778505716.3792634,219.29,43.03,2.81,219.29,43.03,2.81,VISION,3.43,389.75,-5.43,146.69,215.86,170.46,48.46,103.66,0.0,5.0
1778505716.4797547,219.29,43.03,2.81,219.29,43.03,2.81,VISION,3.43,389.75,-5.43,146.69,215.86,170.46,48.46,103.66,0.0,5.0
1778505716.5802891,219.29,43.03,2.81,219.29,43.03,2.81,VISION,3.43,389.75,-5.43,146.69,215.86,170.46,48.46,103.66,0.0,5.0
1778505716.6809008,219.29,43.03,2.81,219.29,43.03,2.81,VISION,3.43,389.75,-5.43,146.69,215.86,170.46,48.46,103.66,0.0,5.0
1778505716.7813709,219.29,43.03,2.81,219.29,43.03,2.81,VISION,3.43,389.75,-5.43,146.69,215.86,170.46,48.46,103.66,0.0,5.0
1778505716.8819141,219.29,43.03,2.81,219.29,43.03,2.81,VISION,3.43,389.75,-5.43,146.69,215.86,170.46,48.46,103.66,0.0,5.0
1778505716.9823294,219.29,43.03,2.81,219.29,43.03,2.81,VISION,3.43,389.75,-5.43,146.69,215.86,170.46,48.46,103.66,0.0,5.0
1778505717.0827823,219.29,43.04,2.81,219.29,43.04,2.81,VISION,3.43,389.75,-5.43,146.69,215.86,170.46,48.47,103.65,0.0,5.0
1778505717.1831763,219.29,43.04,2.81,219.29,43.04,2.81,VISION,3.43,389.75,-5.43,146.69,215.86,170.46,48.47,103.65,0.0,5.0
1778505717.2836976,219.29,43.04,2.81,219.29,43.04,2.81,VISION,3.43,389.75,-5.43,146.69,215.86,170.46,48.47,103.65,0.0,5.0
1778505717.3841853,219.29,43.04,2.81,219.29,43.04,2.81,VISION,3.43,389.75,-5.43,146.69,215.86,170.46,48.47,103.65,0.0,5.0
1778505717.4845345,219.29,43.04,2.809,219.29,43.04,2.809,VISION,3.43,389.75,-5.43,146.69,215.86,170.46,48.47,103.65,0.0,5.0
1778505717.584813,219.29,43.04,2.809,219.29,43.04,2.809,VISION,3.43,389.75,-5.43,146.69,215.86,170.46,48.47,103.65,0.0,5.0
1778505717.68515,219.29,43.04,2.809,219.29,43.04,2.809,VISION,3.43,389.75,-5.43,146.69,215.86,170.46,48.47,103.65,0.0,5.0
1778505717.7854834,219.29,43.04,2.809,219.29,43.04,2.809,VISION,3.43,389.75,-5.43,146.69,215.86,170.46,48.47,103.65,0.0,5.0
1778505717.8858168,219.3,43.04,2.81,219.3,43.04,2.81,VISION,3.43,389.75,-5.43,146.69,215.87,170.45,48.47,103.65,0.0,5.0
1778505717.9861493,219.3,43.04,2.81,219.3,43.04,2.81,VISION,3.43,389.75,-5.43,146.69,215.87,170.45,48.47,103.65,0.0,5.0
1778505718.086478,219.3,43.04,2.81,219.3,43.04,2.81,VISION,3.43,389.75,-5.43,146.69,215.87,170.45,48.47,103.65,0.0,5.0
1778505718.1867948,219.3,43.04,2.81,219.3,43.04,2.81,VISION,3.43,389.75,-5.43,146.69,215.87,170.45,48.47,103.65,0.0,5.0
1778505718.2871525,219.3,43.03,2.815,219.3,43.03,2.815,VISION,3.43,389.75,-5.43,146.69,215.87,170.45,48.46,103.66,0.0,5.0
1778505718.3875513,219.3,43.03,2.815,219.3,43.03,2.815,VISION,3.43,389.75,-5.43,146.69,215.87,170.45,48.46,103.66,0.0,5.0
1778505718.4878788,219.3,43.03,2.815,219.3,43.03,2.815,VISION,3.43,389.75,-5.43,146.69,215.87,170.45,48.46,103.66,0.0,5.0
1778505718.5882719,219.3,43.03,2.815,219.3,43.03,2.815,VISION,3.43,389.75,-5.43,146.69,215.87,170.45,48.46,103.66,0.0,5.0
1778505718.6886516,219.3,43.03,2.811,219.3,43.03,2.811,VISION,3.43,389.75,-5.43,146.69,215.87,170.45,48.46,103.66,0.0,5.0
1778505718.7890038,219.3,43.03,2.811,219.3,43.03,2.811,VISION,3.43,389.75,-5.43,146.69,215.87,170.45,48.46,103.66,0.0,5.0
1778505718.8895001,219.3,43.03,2.811,219.3,43.03,2.811,VISION,3.43,389.75,-5.43,146.69,215.87,170.45,48.46,103.66,0.0,5.0
1778505718.9899523,219.3,43.03,2.811,219.3,43.03,2.811,VISION,3.43,389.75,-5.43,146.69,215.87,170.45,48.46,103.66,0.0,5.0
1778505719.0905051,219.29,43.03,2.813,219.29,43.03,2.813,VISION,3.43,389.75,-5.43,146.69,215.86,170.46,48.46,103.66,0.0,5.0
1778505719.191132,219.29,43.03,2.813,219.29,43.03,2.813,VISION,3.43,389.75,-5.43,146.69,215.86,170.46,48.46,103.66,0.0,5.0
1778505719.29168,219.29,43.03,2.813,219.29,43.03,2.813,VISION,3.43,389.75,-5.43,146.69,215.86,170.46,48.46,103.66,0.0,5.0
1778505719.3921251,219.29,43.03,2.811,219.29,43.03,2.811,VISION,3.43,389.75,-5.43,146.69,215.86,170.46,48.46,103.66,0.0,5.0
1778505719.4925172,219.29,43.03,2.811,219.29,43.03,2.811,VISION,3.43,389.75,-5.43,146.69,215.86,170.46,48.46,103.66,0.0,5.0
1778505719.5928354,219.29,43.03,2.811,219.29,43.03,2.811,VISION,3.43,389.75,-5.43,146.69,215.86,170.46,48.46,103.66,0.0,5.0
1778505719.6931145,219.29,43.03,2.811,219.29,43.03,2.811,VISION,3.43,389.75,-5.43,146.69,215.86,170.46,48.46,103.66,0.0,5.0
1778505719.7935169,219.29,43.03,2.812,219.29,43.03,2.812,VISION,3.43,389.75,-5.43,146.69,215.86,170.46,48.46,103.66,0.0,5.0
1778505719.893926,219.29,43.03,2.812,219.29,43.03,2.812,VISION,3.43,389.75,-5.43,146.69,215.86,170.46,48.46,103.66,0.0,5.0
1778505719.994431,219.29,43.03,2.812,219.29,43.03,2.812,VISION,3.43,389.75,-5.43,146.69,215.86,170.46,48.46,103.66,0.0,5.0
1778505720.094803,219.29,43.03,2.812,219.29,43.03,2.812,VISION,3.43,389.75,-5.43,146.69,215.86,170.46,48.46,103.66,0.0,5.0
1778505720.1952865,219.29,43.03,2.81,219.29,43.03,2.81,VISION,3.43,389.75,-5.43,146.69,215.86,170.46,48.46,103.66,0.0,5.0
1778505720.2956946,219.29,43.03,2.81,219.29,43.03,2.81,VISION,3.43,389.75,-5.43,146.69,215.86,170.46,48.46,103.66,0.0,5.0
1778505720.3963752,219.29,43.03,2.81,219.29,43.03,2.81,VISION,3.43,389.75,-5.43,146.69,215.86,170.46,48.46,103.66,0.0,5.0
1778505720.4968226,219.29,43.03,2.81,219.29,43.03,2.81,VISION,3.43,389.75,-5.43,146.69,215.86,170.46,48.46,103.66,0.0,5.0
1778505720.5971758,219.32,43.01,2.818,219.32,43.01,2.818,VISION,3.43,389.75,-5.43,146.69,215.89,170.43,48.44,103.68,0.0,5.0
1778505720.697536,219.32,43.01,2.818,219.32,43.01,2.818,VISION,3.43,389.75,-5.43,146.69,215.89,170.43,48.44,103.68,0.0,5.0
1778505720.7979143,219.32,43.01,2.818,219.32,43.01,2.818,VISION,3.43,389.75,-5.43,146.69,215.89,170.43,48.44,103.68,0.0,5.0
1778505720.8982842,219.32,43.01,2.818,219.32,43.01,2.818,VISION,3.43,389.75,-5.43,146.69,215.89,170.43,48.44,103.68,0.0,5.0
1778505720.9986043,219.29,43.02,2.812,219.29,43.02,2.812,VISION,3.43,389.75,-5.43,146.69,215.86,170.46,48.45,103.67,0.0,5.0
1778505721.098937,219.29,43.02,2.812,219.29,43.02,2.812,VISION,3.43,389.75,-5.43,146.69,215.86,170.46,48.45,103.67,0.0,5.0
1778505721.1992705,219.29,43.02,2.812,219.29,43.02,2.812,VISION,3.43,389.75,-5.43,146.69,215.86,170.46,48.45,103.67,0.0,5.0
1778505721.2995822,219.29,43.02,2.812,219.29,43.02,2.812,VISION,3.43,389.75,-5.43,146.69,215.86,170.46,48.45,103.67,0.0,5.0
1778505721.4000232,219.29,43.02,2.813,219.29,43.02,2.813,VISION,3.43,389.75,-5.43,146.69,215.86,170.46,48.45,103.67,0.0,5.0
1778505721.5004642,219.29,43.02,2.813,219.29,43.02,2.813,VISION,3.43,389.75,-5.43,146.69,215.86,170.46,48.45,103.67,0.0,5.0
1778505721.6010149,219.29,43.02,2.813,219.29,43.02,2.813,VISION,3.43,389.75,-5.43,146.69,215.86,170.46,48.45,103.67,0.0,5.0
1778505721.701439,219.29,43.02,2.813,219.29,43.02,2.813,VISION,3.43,389.75,-5.43,146.69,215.86,170.46,48.45,103.67,0.0,5.0
1778505721.8018188,219.28,43.04,2.809,219.28,43.04,2.809,VISION,3.43,389.75,-5.43,146.69,215.85,170.47,48.47,103.65,0.0,5.0
1778505721.902191,219.28,43.04,2.809,219.28,43.04,2.809,VISION,3.43,389.75,-5.43,146.69,215.85,170.47,48.47,103.65,0.0,5.0
1778505722.0025465,219.28,43.04,2.809,219.28,43.04,2.809,VISION,3.43,389.75,-5.43,146.69,215.85,170.47,48.47,103.65,0.0,5.0
1778505722.1029646,219.28,43.04,2.809,219.28,43.04,2.809,VISION,3.43,389.75,-5.43,146.69,215.85,170.47,48.47,103.65,0.0,5.0
1778505722.2034106,219.29,43.04,2.81,219.29,43.04,2.81,VISION,3.43,389.75,-5.43,146.69,215.86,170.46,48.47,103.65,0.0,5.0
1778505722.3039029,219.29,43.04,2.81,219.29,43.04,2.81,VISION,3.43,389.75,-5.43,146.69,215.86,170.46,48.47,103.65,0.0,5.0
1778505722.4043384,219.29,43.04,2.81,219.29,43.04,2.81,VISION,3.43,389.75,-5.43,146.69,215.86,170.46,48.47,103.65,0.0,5.0
1778505722.5048103,219.29,43.04,2.81,219.29,43.04,2.81,VISION,3.43,389.75,-5.43,146.69,215.86,170.46,48.47,103.65,0.0,5.0
1778505722.6051958,219.3,43.04,2.809,219.3,43.04,2.809,VISION,3.43,389.75,-5.43,146.69,215.87,170.45,48.47,103.65,0.0,5.0
1778505722.7055597,219.3,43.04,2.809,219.3,43.04,2.809,VISION,3.43,389.75,-5.43,146.69,215.87,170.45,48.47,103.65,0.0,5.0
1778505722.8060985,219.3,43.04,2.809,219.3,43.04,2.809,VISION,3.43,389.75,-5.43,146.69,215.87,170.45,48.47,103.65,0.0,5.0
1778505722.9063957,219.28,43.05,2.809,219.28,43.05,2.809,VISION,3.43,389.75,-5.43,146.69,215.85,170.47,48.48,103.64,0.0,5.0
1778505723.006766,219.28,43.05,2.809,219.28,43.05,2.809,VISION,3.43,389.75,-5.43,146.69,215.85,170.47,48.48,103.64,0.0,5.0
1778505723.1071045,219.28,43.05,2.809,219.28,43.05,2.809,VISION,3.43,389.75,-5.43,146.69,215.85,170.47,48.48,103.64,0.0,5.0
1778505723.2074049,219.28,43.05,2.809,219.28,43.05,2.809,VISION,3.43,389.75,-5.43,146.69,215.85,170.47,48.48,103.64,0.0,5.0
1778505723.307724,219.29,43.03,2.812,219.29,43.03,2.812,VISION,3.43,389.75,-5.43,146.69,215.86,170.46,48.46,103.66,0.0,5.0
1778505723.4080415,219.29,43.03,2.812,219.29,43.03,2.812,VISION,3.43,389.75,-5.43,146.69,215.86,170.46,48.46,103.66,0.0,5.0
1778505723.5085025,219.29,43.03,2.812,219.29,43.03,2.812,VISION,3.43,389.75,-5.43,146.69,215.86,170.46,48.46,103.66,0.0,5.0
1778505723.609087,219.29,43.03,2.812,219.29,43.03,2.812,VISION,3.43,389.75,-5.43,146.69,215.86,170.46,48.46,103.66,0.0,5.0
1778505723.70958,219.28,43.04,2.81,219.28,43.04,2.81,VISION,3.43,389.75,-5.43,146.69,215.85,170.47,48.47,103.65,0.0,5.0
1778505723.8100426,219.28,43.04,2.81,219.28,43.04,2.81,VISION,3.43,389.75,-5.43,146.69,215.85,170.47,48.47,103.65,0.0,5.0
1778505723.9104235,219.28,43.04,2.81,219.28,43.04,2.81,VISION,3.43,389.75,-5.43,146.69,215.85,170.47,48.47,103.65,0.0,5.0
1778505724.0107558,219.28,43.04,2.81,219.28,43.04,2.81,VISION,3.43,389.75,-5.43,146.69,215.85,170.47,48.47,103.65,0.0,5.0
1778505724.1112146,219.29,43.04,2.81,219.29,43.04,2.81,VISION,3.43,389.75,-5.43,146.69,215.86,170.46,48.47,103.65,0.0,5.0
1778505724.2117383,219.29,43.04,2.81,219.29,43.04,2.81,VISION,3.43,389.75,-5.43,146.69,215.86,170.46,48.47,103.65,0.0,5.0
1778505724.3123407,219.29,43.04,2.81,219.29,43.04,2.81,VISION,3.43,389.75,-5.43,146.69,215.86,170.46,48.47,103.65,0.0,5.0
1778505724.4128428,219.29,43.04,2.81,219.29,43.04,2.81,VISION,3.43,389.75,-5.43,146.69,215.86,170.46,48.47,103.65,0.0,5.0
1778505724.5131674,219.29,43.03,2.812,219.29,43.03,2.812,VISION,3.43,389.75,-5.43,146.69,215.86,170.46,48.46,103.66,0.0,5.0
1778505724.613736,219.29,43.03,2.812,219.29,43.03,2.812,VISION,3.43,389.75,-5.43,146.69,215.86,170.46,48.46,103.66,0.0,5.0
1778505724.7142813,219.29,43.03,2.812,219.29,43.03,2.812,VISION,3.43,389.75,-5.43,146.69,215.86,170.46,48.46,103.66,0.0,5.0
1778505724.8146932,219.29,43.03,2.812,219.29,43.03,2.812,VISION,3.43,389.75,-5.43,146.69,215.86,170.46,48.46,103.66,0.0,5.0
1778505724.9150937,219.29,43.03,2.812,219.29,43.03,2.812,VISION,3.43,389.75,-5.43,146.69,215.86,170.46,48.46,103.66,0.0,5.0
1778505725.0154083,219.29,43.03,2.812,219.29,43.03,2.812,VISION,3.43,389.75,-5.43,146.69,215.86,170.46,48.46,103.66,0.0,5.0
1778505725.1157444,219.29,43.03,2.812,219.29,43.03,2.812,VISION,3.43,389.75,-5.43,146.69,215.86,170.46,48.46,103.66,0.0,5.0
1778505725.216081,219.29,43.03,2.812,219.29,43.03,2.812,VISION,3.43,389.75,-5.43,146.69,215.86,170.46,48.46,103.66,0.0,5.0
1778505725.3165383,219.29,43.02,2.812,219.29,43.02,2.812,VISION,3.43,389.75,-5.43,146.69,215.86,170.46,48.45,103.67,0.0,5.0
1778505725.4170318,219.29,43.02,2.812,219.29,43.02,2.812,VISION,3.43,389.75,-5.43,146.69,215.86,170.46,48.45,103.67,0.0,5.0
1778505725.5174239,219.29,43.02,2.812,219.29,43.02,2.812,VISION,3.43,389.75,-5.43,146.69,215.86,170.46,48.45,103.67,0.0,5.0
1778505725.6178045,219.29,43.02,2.812,219.29,43.02,2.812,VISION,3.43,389.75,-5.43,146.69,215.86,170.46,48.45,103.67,0.0,5.0
1778505725.7182677,219.28,43.03,2.811,219.28,43.03,2.811,VISION,3.43,389.75,-5.43,146.69,215.85,170.47,48.46,103.66,0.0,5.0
1778505725.8186371,219.28,43.03,2.811,219.28,43.03,2.811,VISION,3.43,389.75,-5.43,146.69,215.85,170.47,48.46,103.66,0.0,5.0
1778505725.91908,219.28,43.03,2.811,219.28,43.03,2.811,VISION,3.43,389.75,-5.43,146.69,215.85,170.47,48.46,103.66,0.0,5.0
1778505726.019468,219.28,43.03,2.811,219.28,43.03,2.811,VISION,3.43,389.75,-5.43,146.69,215.85,170.47,48.46,103.66,0.0,5.0
1778505726.1199012,219.29,43.03,2.817,219.29,43.03,2.817,VISION,3.43,389.75,-5.43,146.69,215.86,170.46,48.46,103.66,0.0,5.0
1778505726.220282,219.29,43.03,2.817,219.29,43.03,2.817,VISION,3.43,389.75,-5.43,146.69,215.86,170.46,48.46,103.66,0.0,5.0
1778505726.3206873,219.29,43.03,2.817,219.29,43.03,2.817,VISION,3.43,389.75,-5.43,146.69,215.86,170.46,48.46,103.66,0.0,5.0
1778505726.421059,219.3,43.02,2.817,219.3,43.02,2.817,VISION,3.43,389.75,-5.43,146.69,215.87,170.45,48.45,103.67,0.0,5.0
1778505726.5214648,219.3,43.02,2.817,219.3,43.02,2.817,VISION,3.43,389.75,-5.43,146.69,215.87,170.45,48.45,103.67,0.0,5.0
1778505726.6219292,219.3,43.02,2.817,219.3,43.02,2.817,VISION,3.43,389.75,-5.43,146.69,215.87,170.45,48.45,103.67,0.0,5.0
1778505726.722477,219.3,43.02,2.817,219.3,43.02,2.817,VISION,3.43,389.75,-5.43,146.69,215.87,170.45,48.45,103.67,0.0,5.0
1778505726.8229535,219.29,43.03,2.811,219.29,43.03,2.811,VISION,3.43,389.75,-5.43,146.69,215.86,170.46,48.46,103.66,0.0,5.0
1778505726.9235375,219.29,43.03,2.811,219.29,43.03,2.811,VISION,3.43,389.75,-5.43,146.69,215.86,170.46,48.46,103.66,0.0,5.0
1778505727.0240536,219.29,43.03,2.811,219.29,43.03,2.811,VISION,3.43,389.75,-5.43,146.69,215.86,170.46,48.46,103.66,0.0,5.0
1778505727.1245806,219.29,43.03,2.811,219.29,43.03,2.811,VISION,3.43,389.75,-5.43,146.69,215.86,170.46,48.46,103.66,0.0,5.0
1778505727.225089,219.29,43.04,2.81,219.29,43.04,2.81,VISION,3.43,389.75,-5.43,146.69,215.86,170.46,48.47,103.65,0.0,5.0
1778505727.3255749,219.29,43.04,2.81,219.29,43.04,2.81,VISION,3.43,389.75,-5.43,146.69,215.86,170.46,48.47,103.65,0.0,5.0
1778505727.426115,219.29,43.04,2.81,219.29,43.04,2.81,VISION,3.43,389.75,-5.43,146.69,215.86,170.46,48.47,103.65,0.0,5.0
1778505727.5263734,219.29,43.04,2.81,219.29,43.04,2.81,VISION,3.43,389.75,-5.43,146.69,215.86,170.46,48.47,103.65,0.0,5.0
1778505727.6268048,219.28,43.03,2.813,219.28,43.03,2.813,VISION,3.43,389.75,-5.43,146.69,215.85,170.47,48.46,103.66,0.0,5.0
1778505727.7273223,219.28,43.03,2.813,219.28,43.03,2.813,VISION,3.43,389.75,-5.43,146.69,215.85,170.47,48.46,103.66,0.0,5.0
1778505727.8280213,219.28,43.03,2.813,219.28,43.03,2.813,VISION,3.43,389.75,-5.43,146.69,215.85,170.47,48.46,103.66,0.0,5.0
1778505727.9285161,219.28,43.03,2.813,219.28,43.03,2.813,VISION,3.43,389.75,-5.43,146.69,215.85,170.47,48.46,103.66,0.0,5.0
1778505728.0289717,219.29,43.03,2.812,219.29,43.03,2.812,VISION,3.43,389.75,-5.43,146.69,215.86,170.46,48.46,103.66,0.0,5.0
1778505728.1294973,219.29,43.03,2.812,219.29,43.03,2.812,VISION,3.43,389.75,-5.43,146.69,215.86,170.46,48.46,103.66,0.0,5.0
1778505728.2300236,219.29,43.03,2.812,219.29,43.03,2.812,VISION,3.43,389.75,-5.43,146.69,215.86,170.46,48.46,103.66,0.0,5.0
1778505728.3304093,219.29,43.03,2.812,219.29,43.03,2.812,VISION,3.43,389.75,-5.43,146.69,215.86,170.46,48.46,103.66,0.0,5.0
1778505728.4308937,219.29,43.03,2.812,219.29,43.03,2.812,VISION,3.43,389.75,-5.43,146.69,215.86,170.46,48.46,103.66,0.0,5.0
1778505728.5312266,219.29,43.03,2.812,219.29,43.03,2.812,VISION,3.43,389.75,-5.43,146.69,215.86,170.46,48.46,103.66,0.0,5.0
1778505728.6317086,219.29,43.03,2.812,219.29,43.03,2.812,VISION,3.43,389.75,-5.43,146.69,215.86,170.46,48.46,103.66,0.0,5.0
1778505728.7334592,219.29,43.03,2.812,219.29,43.03,2.812,VISION,3.43,389.75,-5.43,146.69,215.86,170.46,48.46,103.66,0.0,5.0
1778505728.8339598,219.28,43.03,2.812,219.28,43.03,2.812,VISION,3.43,389.75,-5.43,146.69,215.85,170.47,48.46,103.66,0.0,5.0
1778505728.9344761,219.28,43.03,2.812,219.28,43.03,2.812,VISION,3.43,389.75,-5.43,146.69,215.85,170.47,48.46,103.66,0.0,5.0
1778505729.0349865,219.28,43.03,2.812,219.28,43.03,2.812,VISION,3.43,389.75,-5.43,146.69,215.85,170.47,48.46,103.66,0.0,5.0
1778505729.13537,219.28,43.03,2.812,219.28,43.03,2.812,VISION,3.43,389.75,-5.43,146.69,215.85,170.47,48.46,103.66,0.0,5.0
1778505729.2358353,219.28,43.05,2.809,219.28,43.05,2.809,VISION,3.43,389.75,-5.43,146.69,215.85,170.47,48.48,103.64,0.0,5.0
1778505729.3363194,219.28,43.05,2.809,219.28,43.05,2.809,VISION,3.43,389.75,-5.43,146.69,215.85,170.47,48.48,103.64,0.0,5.0
1778505729.4367857,219.28,43.05,2.809,219.28,43.05,2.809,VISION,3.43,389.75,-5.43,146.69,215.85,170.47,48.48,103.64,0.0,5.0
1778505729.5372267,219.28,43.05,2.809,219.28,43.05,2.809,VISION,3.43,389.75,-5.43,146.69,215.85,170.47,48.48,103.64,0.0,5.0
1778505729.6378138,219.29,43.05,2.81,219.29,43.05,2.81,VISION,3.43,389.75,-5.43,146.69,215.86,170.46,48.48,103.64,0.0,5.0
1778505729.7383244,219.29,43.05,2.81,219.29,43.05,2.81,VISION,3.43,389.75,-5.43,146.69,215.86,170.46,48.48,103.64,0.0,5.0
1778505729.839006,219.29,43.05,2.81,219.29,43.05,2.81,VISION,3.43,389.75,-5.43,146.69,215.86,170.46,48.48,103.64,0.0,5.0
1778505729.9394648,219.28,43.04,2.81,219.28,43.04,2.81,VISION,3.43,389.75,-5.43,146.69,215.85,170.47,48.47,103.65,0.0,5.0
1778505730.040085,219.28,43.04,2.81,219.28,43.04,2.81,VISION,3.43,389.75,-5.43,146.69,215.85,170.47,48.47,103.65,0.0,5.0
1778505730.1404889,219.28,43.04,2.81,219.28,43.04,2.81,VISION,3.43,389.75,-5.43,146.69,215.85,170.47,48.47,103.65,0.0,5.0
1778505730.2410495,219.28,43.04,2.81,219.28,43.04,2.81,VISION,3.43,389.75,-5.43,146.69,215.85,170.47,48.47,103.65,0.0,5.0
1778505730.3415492,219.28,43.03,2.812,219.28,43.03,2.812,VISION,3.43,389.75,-5.43,146.69,215.85,170.47,48.46,103.66,0.0,5.0
1778505730.442131,219.28,43.03,2.812,219.28,43.03,2.812,VISION,3.43,389.75,-5.43,146.69,215.85,170.47,48.46,103.66,0.0,5.0
1778505730.542713,219.28,43.03,2.812,219.28,43.03,2.812,VISION,3.43,389.75,-5.43,146.69,215.85,170.47,48.46,103.66,0.0,5.0
1778505730.643369,219.28,43.03,2.812,219.28,43.03,2.812,VISION,3.43,389.75,-5.43,146.69,215.85,170.47,48.46,103.66,0.0,5.0
1778505730.743869,219.29,43.03,2.811,219.29,43.03,2.811,VISION,3.43,389.75,-5.43,146.69,215.86,170.46,48.46,103.66,0.0,5.0
1778505730.8444743,219.29,43.03,2.811,219.29,43.03,2.811,VISION,3.43,389.75,-5.43,146.69,215.86,170.46,48.46,103.66,0.0,5.0
1778505730.945175,219.29,43.03,2.811,219.29,43.03,2.811,VISION,3.43,389.75,-5.43,146.69,215.86,170.46,48.46,103.66,0.0,5.0
1778505731.0460205,219.29,43.03,2.811,219.29,43.03,2.811,VISION,3.43,389.75,-5.43,146.69,215.86,170.46,48.46,103.66,0.0,5.0
1778505731.1464686,219.31,43.01,2.817,219.31,43.01,2.817,VISION,3.43,389.75,-5.43,146.69,215.88,170.44,48.44,103.68,0.0,5.0
1778505731.2470555,219.31,43.01,2.817,219.31,43.01,2.817,VISION,3.43,389.75,-5.43,146.69,215.88,170.44,48.44,103.68,0.0,5.0
1778505731.3474557,219.31,43.01,2.817,219.31,43.01,2.817,VISION,3.43,389.75,-5.43,146.69,215.88,170.44,48.44,103.68,0.0,5.0
1778505731.4478467,219.31,43.01,2.817,219.31,43.01,2.817,VISION,3.43,389.75,-5.43,146.69,215.88,170.44,48.44,103.68,0.0,5.0
1778505731.5481753,219.28,43.02,2.812,219.28,43.02,2.812,VISION,3.43,389.75,-5.43,146.69,215.85,170.47,48.45,103.67,0.0,5.0
1778505731.6486714,219.28,43.02,2.812,219.28,43.02,2.812,VISION,3.43,389.75,-5.43,146.69,215.85,170.47,48.45,103.67,0.0,5.0
1778505731.7492726,219.28,43.02,2.812,219.28,43.02,2.812,VISION,3.43,389.75,-5.43,146.69,215.85,170.47,48.45,103.67,0.0,5.0
1778505731.8512514,219.28,43.02,2.812,219.28,43.02,2.812,VISION,3.43,389.75,-5.43,146.69,215.85,170.47,48.45,103.67,0.0,5.0
1778505731.9518325,219.3,43.01,2.815,219.3,43.01,2.815,VISION,3.43,389.75,-5.43,146.69,215.87,170.45,48.44,103.68,0.0,5.0
1778505732.0523412,219.3,43.01,2.815,219.3,43.01,2.815,VISION,3.43,389.75,-5.43,146.69,215.87,170.45,48.44,103.68,0.0,5.0
1778505732.152791,219.3,43.01,2.815,219.3,43.01,2.815,VISION,3.43,389.75,-5.43,146.69,215.87,170.45,48.44,103.68,0.0,5.0
1778505732.253444,219.3,43.01,2.815,219.3,43.01,2.815,VISION,3.43,389.75,-5.43,146.69,215.87,170.45,48.44,103.68,0.0,5.0
1778505732.3540614,219.29,43.03,2.811,219.29,43.03,2.811,VISION,3.43,389.75,-5.43,146.69,215.86,170.46,48.46,103.66,0.0,5.0
1778505732.4545236,219.29,43.03,2.811,219.29,43.03,2.811,VISION,3.43,389.75,-5.43,146.69,215.86,170.46,48.46,103.66,0.0,5.0
1778505732.5551047,219.29,43.03,2.811,219.29,43.03,2.811,VISION,3.43,389.75,-5.43,146.69,215.86,170.46,48.46,103.66,0.0,5.0
1778505732.6554549,219.29,43.03,2.811,219.29,43.03,2.811,VISION,3.43,389.75,-5.43,146.69,215.86,170.46,48.46,103.66,0.0,5.0
1778505732.7558944,219.29,43.04,2.812,219.29,43.04,2.812,VISION,3.43,389.75,-5.43,146.69,215.86,170.46,48.47,103.65,0.0,5.0
1778505732.8564887,219.29,43.04,2.812,219.29,43.04,2.812,VISION,3.43,389.75,-5.43,146.69,215.86,170.46,48.47,103.65,0.0,5.0
1778505732.9569862,219.29,43.04,2.812,219.29,43.04,2.812,VISION,3.43,389.75,-5.43,146.69,215.86,170.46,48.47,103.65,0.0,5.0
1778505733.0574546,219.28,43.02,2.812,219.28,43.02,2.812,VISION,3.43,389.75,-5.43,146.69,215.85,170.47,48.45,103.67,0.0,5.0
1778505733.157924,219.28,43.02,2.812,219.28,43.02,2.812,VISION,3.43,389.75,-5.43,146.69,215.85,170.47,48.45,103.67,0.0,5.0
1778505733.2583797,219.28,43.02,2.812,219.28,43.02,2.812,VISION,3.43,389.75,-5.43,146.69,215.85,170.47,48.45,103.67,0.0,5.0
1778505733.3588622,219.28,43.02,2.812,219.28,43.02,2.812,VISION,3.43,389.75,-5.43,146.69,215.85,170.47,48.45,103.67,0.0,5.0
1778505733.4592898,219.29,43.03,2.812,219.29,43.03,2.812,VISION,3.43,389.75,-5.43,146.69,215.86,170.46,48.46,103.66,0.0,5.0
1778505733.5597622,219.29,43.03,2.812,219.29,43.03,2.812,VISION,3.43,389.75,-5.43,146.69,215.86,170.46,48.46,103.66,0.0,5.0
1778505733.6602304,219.29,43.03,2.812,219.29,43.03,2.812,VISION,3.43,389.75,-5.43,146.69,215.86,170.46,48.46,103.66,0.0,5.0
1778505733.7606165,219.29,43.03,2.812,219.29,43.03,2.812,VISION,3.43,389.75,-5.43,146.69,215.86,170.46,48.46,103.66,0.0,5.0
1778505733.861053,219.29,43.03,2.812,219.29,43.03,2.812,VISION,3.43,389.75,-5.43,146.69,215.86,170.46,48.46,103.66,0.0,5.0
1778505733.961425,219.29,43.03,2.812,219.29,43.03,2.812,VISION,3.43,389.75,-5.43,146.69,215.86,170.46,48.46,103.66,0.0,5.0
1778505734.061908,219.29,43.03,2.812,219.29,43.03,2.812,VISION,3.43,389.75,-5.43,146.69,215.86,170.46,48.46,103.66,0.0,5.0
1778505734.1624422,219.29,43.03,2.812,219.29,43.03,2.812,VISION,3.43,389.75,-5.43,146.69,215.86,170.46,48.46,103.66,0.0,5.0
1778505734.2628849,219.29,43.03,2.812,219.29,43.03,2.812,VISION,3.43,389.75,-5.43,146.69,215.86,170.46,48.46,103.66,0.0,5.0
1778505734.3632638,219.29,43.03,2.812,219.29,43.03,2.812,VISION,3.43,389.75,-5.43,146.69,215.86,170.46,48.46,103.66,0.0,5.0
1778505734.463722,219.29,43.03,2.812,219.29,43.03,2.812,VISION,3.43,389.75,-5.43,146.69,215.86,170.46,48.46,103.66,0.0,5.0
1778505734.564167,219.29,43.03,2.812,219.29,43.03,2.812,VISION,3.43,389.75,-5.43,146.69,215.86,170.46,48.46,103.66,0.0,5.0
1778505734.6646726,219.29,43.03,2.811,219.29,43.03,2.811,VISION,3.43,389.75,-5.43,146.69,215.86,170.46,48.46,103.66,0.0,5.0
1778505734.7651374,219.29,43.03,2.811,219.29,43.03,2.811,VISION,3.43,389.75,-5.43,146.69,215.86,170.46,48.46,103.66,0.0,5.0
1778505734.8656566,219.29,43.03,2.811,219.29,43.03,2.811,VISION,3.43,389.75,-5.43,146.69,215.86,170.46,48.46,103.66,0.0,5.0
1778505734.9661067,219.29,43.03,2.811,219.29,43.03,2.811,VISION,3.43,389.75,-5.43,146.69,215.86,170.46,48.46,103.66,0.0,5.0
1778505735.0664425,219.28,43.03,2.812,219.28,43.03,2.812,VISION,3.43,389.75,-5.43,146.69,215.85,170.47,48.46,103.66,0.0,5.0
1778505735.1669545,219.28,43.03,2.812,219.28,43.03,2.812,VISION,3.43,389.75,-5.43,146.69,215.85,170.47,48.46,103.66,0.0,5.0
1778505735.2674103,219.28,43.03,2.812,219.28,43.03,2.812,VISION,3.43,389.75,-5.43,146.69,215.85,170.47,48.46,103.66,0.0,5.0
1778505735.3680484,219.28,43.03,2.812,219.28,43.03,2.812,VISION,3.43,389.75,-5.43,146.69,215.85,170.47,48.46,103.66,0.0,5.0
1778505735.4685135,219.28,43.03,2.812,219.28,43.03,2.812,VISION,3.43,389.75,-5.43,146.69,215.85,170.47,48.46,103.66,0.0,5.0
1778505735.5689075,219.28,43.03,2.812,219.28,43.03,2.812,VISION,3.43,389.75,-5.43,146.69,215.85,170.47,48.46,103.66,0.0,5.0
1778505735.669234,219.28,43.03,2.812,219.28,43.03,2.812,VISION,3.43,389.75,-5.43,146.69,215.85,170.47,48.46,103.66,0.0,5.0
1778505735.7697392,219.28,43.03,2.812,219.28,43.03,2.812,VISION,3.43,389.75,-5.43,146.69,215.85,170.47,48.46,103.66,0.0,5.0
1778505735.870146,219.29,43.02,2.812,219.29,43.02,2.812,VISION,3.43,389.75,-5.43,146.69,215.86,170.46,48.45,103.67,0.0,5.0
1778505735.9704967,219.29,43.02,2.812,219.29,43.02,2.812,VISION,3.43,389.75,-5.43,146.69,215.86,170.46,48.45,103.67,0.0,5.0
1778505736.070812,219.29,43.02,2.812,219.29,43.02,2.812,VISION,3.43,389.75,-5.43,146.69,215.86,170.46,48.45,103.67,0.0,5.0
1778505736.1712587,219.29,43.02,2.812,219.29,43.02,2.812,VISION,3.43,389.75,-5.43,146.69,215.86,170.46,48.45,103.67,0.0,5.0
1778505736.2717352,219.29,43.02,2.813,219.29,43.02,2.813,VISION,3.43,389.75,-5.43,146.69,215.86,170.46,48.45,103.67,0.0,5.0
1778505736.3720307,219.29,43.02,2.813,219.29,43.02,2.813,VISION,3.43,389.75,-5.43,146.69,215.86,170.46,48.45,103.67,0.0,5.0
1778505736.4724038,219.29,43.02,2.813,219.29,43.02,2.813,VISION,3.43,389.75,-5.43,146.69,215.86,170.46,48.45,103.67,0.0,5.0
1778505736.572909,219.28,43.02,2.814,219.28,43.02,2.814,VISION,3.43,389.75,-5.43,146.69,215.85,170.47,48.45,103.67,0.0,5.0
1778505736.673308,219.28,43.02,2.814,219.28,43.02,2.814,VISION,3.43,389.75,-5.43,146.69,215.85,170.47,48.45,103.67,0.0,5.0
1778505736.7738206,219.28,43.02,2.814,219.28,43.02,2.814,VISION,3.43,389.75,-5.43,146.69,215.85,170.47,48.45,103.67,0.0,5.0
1778505736.8744192,219.28,43.02,2.814,219.28,43.02,2.814,VISION,3.43,389.75,-5.43,146.69,215.85,170.47,48.45,103.67,0.0,5.0
1778505736.974924,219.29,43.02,2.813,219.29,43.02,2.813,VISION,3.43,389.75,-5.43,146.69,215.86,170.46,48.45,103.67,0.0,5.0
1778505737.0755792,219.29,43.02,2.813,219.29,43.02,2.813,VISION,3.43,389.75,-5.43,146.69,215.86,170.46,48.45,103.67,0.0,5.0
1778505737.1760726,219.29,43.02,2.813,219.29,43.02,2.813,VISION,3.43,389.75,-5.43,146.69,215.86,170.46,48.45,103.67,0.0,5.0
1778505737.276549,219.29,43.02,2.813,219.29,43.02,2.813,VISION,3.43,389.75,-5.43,146.69,215.86,170.46,48.45,103.67,0.0,5.0
1778505737.3770008,219.3,43.02,2.817,219.3,43.02,2.817,VISION,3.43,389.75,-5.43,146.69,215.87,170.45,48.45,103.67,0.0,5.0
1778505737.4775352,219.3,43.02,2.817,219.3,43.02,2.817,VISION,3.43,389.75,-5.43,146.69,215.87,170.45,48.45,103.67,0.0,5.0
1778505737.5780282,219.3,43.02,2.817,219.3,43.02,2.817,VISION,3.43,389.75,-5.43,146.69,215.87,170.45,48.45,103.67,0.0,5.0
1778505737.6785245,219.3,43.02,2.817,219.3,43.02,2.817,VISION,3.43,389.75,-5.43,146.69,215.87,170.45,48.45,103.67,0.0,5.0
1778505737.7788203,219.28,43.04,2.81,219.28,43.04,2.81,VISION,3.43,389.75,-5.43,146.69,215.85,170.47,48.47,103.65,0.0,5.0
1778505737.8792048,219.28,43.04,2.81,219.28,43.04,2.81,VISION,3.43,389.75,-5.43,146.69,215.85,170.47,48.47,103.65,0.0,5.0
1778505737.9795144,219.28,43.04,2.81,219.28,43.04,2.81,VISION,3.43,389.75,-5.43,146.69,215.85,170.47,48.47,103.65,0.0,5.0
1778505738.0797868,219.28,43.04,2.81,219.28,43.04,2.81,VISION,3.43,389.75,-5.43,146.69,215.85,170.47,48.47,103.65,0.0,5.0
1778505738.1801422,219.29,43.02,2.812,219.29,43.02,2.812,VISION,3.43,389.75,-5.43,146.69,215.86,170.46,48.45,103.67,0.0,5.0
1778505738.280523,219.29,43.02,2.812,219.29,43.02,2.812,VISION,3.43,389.75,-5.43,146.69,215.86,170.46,48.45,103.67,0.0,5.0
1778505738.3809655,219.29,43.02,2.812,219.29,43.02,2.812,VISION,3.43,389.75,-5.43,146.69,215.86,170.46,48.45,103.67,0.0,5.0
1778505738.4813616,219.29,43.02,2.812,219.29,43.02,2.812,VISION,3.43,389.75,-5.43,146.69,215.86,170.46,48.45,103.67,0.0,5.0
1778505738.581965,219.29,43.03,2.811,219.29,43.03,2.811,VISION,3.43,389.75,-5.43,146.69,215.86,170.46,48.46,103.66,0.0,5.0
1778505738.6824284,219.29,43.03,2.811,219.29,43.03,2.811,VISION,3.43,389.75,-5.43,146.69,215.86,170.46,48.46,103.66,0.0,5.0
1778505738.7829416,219.29,43.03,2.811,219.29,43.03,2.811,VISION,3.43,389.75,-5.43,146.69,215.86,170.46,48.46,103.66,0.0,5.0
1778505738.88333,219.29,43.03,2.811,219.29,43.03,2.811,VISION,3.43,389.75,-5.43,146.69,215.86,170.46,48.46,103.66,0.0,5.0
1778505738.9836788,219.29,43.03,2.812,219.29,43.03,2.812,VISION,3.43,389.75,-5.43,146.69,215.86,170.46,48.46,103.66,0.0,5.0
1778505739.0840046,219.29,43.03,2.812,219.29,43.03,2.812,VISION,3.43,389.75,-5.43,146.69,215.86,170.46,48.46,103.66,0.0,5.0
1778505739.1844652,219.29,43.03,2.812,219.29,43.03,2.812,VISION,3.43,389.75,-5.43,146.69,215.86,170.46,48.46,103.66,0.0,5.0
1778505739.2848454,219.29,43.03,2.812,219.29,43.03,2.812,VISION,3.43,389.75,-5.43,146.69,215.86,170.46,48.46,103.66,0.0,5.0
1778505739.3852077,219.28,43.04,2.809,219.28,43.04,2.809,VISION,3.43,389.75,-5.43,146.69,215.85,170.47,48.47,103.65,0.0,5.0
1778505739.4855652,219.28,43.04,2.809,219.28,43.04,2.809,VISION,3.43,389.75,-5.43,146.69,215.85,170.47,48.47,103.65,0.0,5.0
1778505739.585975,219.28,43.04,2.809,219.28,43.04,2.809,VISION,3.43,389.75,-5.43,146.69,215.85,170.47,48.47,103.65,0.0,5.0
1778505739.6865213,219.28,43.04,2.809,219.28,43.04,2.809,VISION,3.43,389.75,-5.43,146.69,215.85,170.47,48.47,103.65,0.0,5.0
1778505739.7870004,219.28,43.03,2.811,219.28,43.03,2.811,VISION,3.43,389.75,-5.43,146.69,215.85,170.47,48.46,103.66,0.0,5.0
1778505739.8876064,219.28,43.03,2.811,219.28,43.03,2.811,VISION,3.43,389.75,-5.43,146.69,215.85,170.47,48.46,103.66,0.0,5.0
1778505739.9881876,219.28,43.03,2.811,219.28,43.03,2.811,VISION,3.43,389.75,-5.43,146.69,215.85,170.47,48.46,103.66,0.0,5.0
1778505740.0886645,219.28,43.04,2.809,219.28,43.04,2.809,VISION,3.43,389.75,-5.43,146.69,215.85,170.47,48.47,103.65,0.0,5.0
1778505740.1889353,219.28,43.04,2.809,219.28,43.04,2.809,VISION,3.43,389.75,-5.43,146.69,215.85,170.47,48.47,103.65,0.0,5.0
1778505740.2892373,219.28,43.04,2.809,219.28,43.04,2.809,VISION,3.43,389.75,-5.43,146.69,215.85,170.47,48.47,103.65,0.0,5.0
1778505740.3897717,219.28,43.04,2.809,219.28,43.04,2.809,VISION,3.43,389.75,-5.43,146.69,215.85,170.47,48.47,103.65,0.0,5.0
1778505740.4901886,219.3,43.03,2.817,219.3,43.03,2.817,VISION,3.43,389.75,-5.43,146.69,215.87,170.45,48.46,103.66,0.0,5.0
1778505740.5906847,219.3,43.03,2.817,219.3,43.03,2.817,VISION,3.43,389.75,-5.43,146.69,215.87,170.45,48.46,103.66,0.0,5.0
1778505740.691242,219.3,43.03,2.817,219.3,43.03,2.817,VISION,3.43,389.75,-5.43,146.69,215.87,170.45,48.46,103.66,0.0,5.0
1778505740.7917857,219.3,43.03,2.817,219.3,43.03,2.817,VISION,3.43,389.75,-5.43,146.69,215.87,170.45,48.46,103.66,0.0,5.0
1778505740.8922076,219.3,43.02,2.812,219.3,43.02,2.812,VISION,3.43,389.75,-5.43,146.69,215.87,170.45,48.45,103.67,0.0,5.0
1778505740.9927313,219.3,43.02,2.812,219.3,43.02,2.812,VISION,3.43,389.75,-5.43,146.69,215.87,170.45,48.45,103.67,0.0,5.0
1778505741.0933194,219.3,43.02,2.812,219.3,43.02,2.812,VISION,3.43,389.75,-5.43,146.69,215.87,170.45,48.45,103.67,0.0,5.0
1778505741.193807,219.3,43.02,2.812,219.3,43.02,2.812,VISION,3.43,389.75,-5.43,146.69,215.87,170.45,48.45,103.67,0.0,5.0
1778505741.2941685,219.28,43.03,2.811,219.28,43.03,2.811,VISION,3.43,389.75,-5.43,146.69,215.85,170.47,48.46,103.66,0.0,5.0
1778505741.3946497,219.28,43.03,2.811,219.28,43.03,2.811,VISION,3.43,389.75,-5.43,146.69,215.85,170.47,48.46,103.66,0.0,5.0
1778505741.4950526,219.28,43.03,2.811,219.28,43.03,2.811,VISION,3.43,389.75,-5.43,146.69,215.85,170.47,48.46,103.66,0.0,5.0
1778505741.5955172,219.28,43.03,2.811,219.28,43.03,2.811,VISION,3.43,389.75,-5.43,146.69,215.85,170.47,48.46,103.66,0.0,5.0
1778505741.6959138,219.29,43.02,2.813,219.29,43.02,2.813,VISION,3.43,389.75,-5.43,146.69,215.86,170.46,48.45,103.67,0.0,5.0
1778505741.7963376,219.29,43.02,2.813,219.29,43.02,2.813,VISION,3.43,389.75,-5.43,146.69,215.86,170.46,48.45,103.67,0.0,5.0
1778505741.896871,219.29,43.02,2.813,219.29,43.02,2.813,VISION,3.43,389.75,-5.43,146.69,215.86,170.46,48.45,103.67,0.0,5.0
1778505741.9972994,219.29,43.02,2.813,219.29,43.02,2.813,VISION,3.43,389.75,-5.43,146.69,215.86,170.46,48.45,103.67,0.0,5.0
1778505742.097843,219.29,43.03,2.812,219.29,43.03,2.812,VISION,3.43,389.75,-5.43,146.69,215.86,170.46,48.46,103.66,0.0,5.0
1778505742.198308,219.29,43.03,2.812,219.29,43.03,2.812,VISION,3.43,389.75,-5.43,146.69,215.86,170.46,48.46,103.66,0.0,5.0
1778505742.298847,219.29,43.03,2.812,219.29,43.03,2.812,VISION,3.43,389.75,-5.43,146.69,215.86,170.46,48.46,103.66,0.0,5.0
1778505742.3994646,219.29,43.03,2.812,219.29,43.03,2.812,VISION,3.43,389.75,-5.43,146.69,215.86,170.46,48.46,103.66,0.0,5.0
1778505742.4999535,219.28,43.02,2.812,219.28,43.02,2.812,VISION,3.43,389.75,-5.43,146.69,215.85,170.47,48.45,103.67,0.0,5.0
1778505742.6004233,219.28,43.02,2.812,219.28,43.02,2.812,VISION,3.43,389.75,-5.43,146.69,215.85,170.47,48.45,103.67,0.0,5.0
1778505742.7010388,219.28,43.02,2.812,219.28,43.02,2.812,VISION,3.43,389.75,-5.43,146.69,215.85,170.47,48.45,103.67,0.0,5.0
1778505742.8014753,219.28,43.02,2.812,219.28,43.02,2.812,VISION,3.43,389.75,-5.43,146.69,215.85,170.47,48.45,103.67,0.0,5.0
1778505742.9020545,219.29,43.03,2.811,219.29,43.03,2.811,VISION,3.43,389.75,-5.43,146.69,215.86,170.46,48.46,103.66,0.0,5.0
1778505743.0023396,219.29,43.03,2.811,219.29,43.03,2.811,VISION,3.43,389.75,-5.43,146.69,215.86,170.46,48.46,103.66,0.0,5.0
1778505743.102822,219.29,43.03,2.811,219.29,43.03,2.811,VISION,3.43,389.75,-5.43,146.69,215.86,170.46,48.46,103.66,0.0,5.0
1778505743.2032619,219.28,43.02,2.812,219.28,43.02,2.812,VISION,3.43,389.75,-5.43,146.69,215.85,170.47,48.45,103.67,0.0,5.0
1778505743.3037915,219.28,43.02,2.812,219.28,43.02,2.812,VISION,3.43,389.75,-5.43,146.69,215.85,170.47,48.45,103.67,0.0,5.0
1778505743.4042044,219.28,43.02,2.812,219.28,43.02,2.812,VISION,3.43,389.75,-5.43,146.69,215.85,170.47,48.45,103.67,0.0,5.0
1778505743.5046594,219.28,43.02,2.812,219.28,43.02,2.812,VISION,3.43,389.75,-5.43,146.69,215.85,170.47,48.45,103.67,0.0,5.0
1778505743.6051264,219.28,43.03,2.813,219.28,43.03,2.813,VISION,3.43,389.75,-5.43,146.69,215.85,170.47,48.46,103.66,0.0,5.0
1778505743.7055047,219.28,43.03,2.813,219.28,43.03,2.813,VISION,3.43,389.75,-5.43,146.69,215.85,170.47,48.46,103.66,0.0,5.0
1778505743.805929,219.28,43.03,2.813,219.28,43.03,2.813,VISION,3.43,389.75,-5.43,146.69,215.85,170.47,48.46,103.66,0.0,5.0
1778505743.9065669,219.28,43.03,2.813,219.28,43.03,2.813,VISION,3.43,389.75,-5.43,146.69,215.85,170.47,48.46,103.66,0.0,5.0
1778505744.0070124,219.28,43.03,2.812,219.28,43.03,2.812,VISION,3.43,389.75,-5.43,146.69,215.85,170.47,48.46,103.66,0.0,5.0
1778505744.1074002,219.28,43.03,2.812,219.28,43.03,2.812,VISION,3.43,389.75,-5.43,146.69,215.85,170.47,48.46,103.66,0.0,5.0
1778505744.2079473,219.28,43.03,2.812,219.28,43.03,2.812,VISION,3.43,389.75,-5.43,146.69,215.85,170.47,48.46,103.66,0.0,5.0
1778505744.3084514,219.28,43.03,2.812,219.28,43.03,2.812,VISION,3.43,389.75,-5.43,146.69,215.85,170.47,48.46,103.66,0.0,5.0
1778505744.4087632,219.28,43.03,2.812,219.28,43.03,2.812,VISION,3.43,389.75,-5.43,146.69,215.85,170.47,48.46,103.66,0.0,5.0
1778505744.5090778,219.28,43.03,2.812,219.28,43.03,2.812,VISION,3.43,389.75,-5.43,146.69,215.85,170.47,48.46,103.66,0.0,5.0
1778505744.6096172,219.28,43.03,2.812,219.28,43.03,2.812,VISION,3.43,389.75,-5.43,146.69,215.85,170.47,48.46,103.66,0.0,5.0
1778505744.7101905,219.28,43.03,2.812,219.28,43.03,2.812,VISION,3.43,389.75,-5.43,146.69,215.85,170.47,48.46,103.66,0.0,5.0
1778505744.8106458,219.29,43.02,2.811,219.29,43.02,2.811,VISION,3.43,389.75,-5.43,146.69,215.86,170.46,48.45,103.67,0.0,5.0
1778505744.9112659,219.29,43.02,2.811,219.29,43.02,2.811,VISION,3.43,389.75,-5.43,146.69,215.86,170.46,48.45,103.67,0.0,5.0
1778505745.0119662,219.29,43.02,2.811,219.29,43.02,2.811,VISION,3.43,389.75,-5.43,146.69,215.86,170.46,48.45,103.67,0.0,5.0
